INSERT INTO projects (id, title, category, funding_goal, start_date, end_date) VALUES (1, "Title 1", "Cate 1", 500, "09-13-2000", "08-11-2001"),
(2, "Title 2", "Cate 1", 5500, "09-13-2000", "08-11-2001"),
(3, "Title 13", "Cate 21", 5500, "09-14-2000", "08-11-2001"),
(4, "Title 12", "Cate 1y", 5400, "09-15-2000", "08-11-2021"),
(5, "Title 11", "Cate gf1", 5300, "09-23-2000", "08-11-2011"),
(6, "Title 14", "Categh 1", 5020, "09-13-2000", "08-11-2004"),
(7, "Title 15", "Cate fdg1", 5040, "09-17-2000", "08-11-2003"),
(8, "Title 16", "Cates 1", 5008, "09-18-2000", "08-11-2003"),
(9, "Title 17", "Cated dsaf1", 5500, "09-16-2000", "08-11-2002"),
(10, "Title 18", "Cated 1", 5200, "09-15-2000", "08-11-2002");

INSERT INTO users (id, name, age) VALUES (1, 'Finnebar', 17),
(2, 'fds', 17), 
(3, 'fdsfdsa', 15), 
(4, 'aasss', 27), 
(5, 'dff', 47), 
(6, 'cc', 14), 
(7, 'sdffd', 16), 
(8, 'adsfe', 17), 
(9, 'dddd', 14), 
(10, 'eee', 33), 
(11, 'dafsd', 21), 
(12, 'adsfff', 67), 
(13, 'ddesa', 47), 
(14, 'dsfdff', 67), 
(15, 'vbcv', 23), 
(16, 'mnbn', 36), 
(17, 'vvccc', 37), 
(18, 'bnbn', 38), 
(19, 'cccbb', 55), 
(20, 'Finnebnnbar', 67);

INSERT INTO pledges (id, amount, user_id, project_id) VALUES
(1, 10.00, 1, 2), 
(2, 20.00, 1, 3), 
(3, 40.00, 1, 4), 
(4, 50.00, 2, 3), 
(5, 10.00, 3, 2), 
(6, 20.00, 4, 4), 
(7, 40.00, 5, 10), 
(8, 60.00, 6, 10), 
(9, 50.00, 7, 9), 
(10, 700.00, 8, 8), 
(11, 1000.00, 8, 7), 
(12, 40.00, 9, 6), 
(13, 50.00, 9, 3), 
(14, 50.00, 10, 4), 
(15, 24.00, 12, 1), 
(16, 34.00, 11, 1), 
(17, 12.00, 13, 6), 
(18, 19.00, 14, 5), 
(19, 20.00, 15, 5), 
(20, 40.00, 16, 6), 
(21, 35.50, 17, 7), 
(22, 40.00, 18, 8), 
(23, 60.00, 19, 9), 
(24, 70.00, 20, 10), 
(25, 100.00, 20, 4), 
(26, 40.00, 19, 1), 
(27, 20.00, 18, 6), 
(28, 90.00, 17, 9), 
(29, 230.00, 16, 6), 
(30, 450.00, 15, 5);